{
  "distCoeffs": [
    -0.29297163672833426, 0.10770696194048288, 0.001310383764747726,
    -3.110187804438571e-5, 0.04347981104455005
  ],
  "cameraMatrix": [
    [534.0708836426056, 0.0, 341.534075538577],
    [0.0, 534.1191459518475, 232.9456525903143],
    [0.0, 0.0, 1.0]
  ]
}
